{
  "hash": "5e9161c0",
  "configHash": "21e08726",
  "lockfileHash": "d78a38ba",
  "browserHash": "b4304203",
  "optimized": {
    "@angular/common": {
      "src": "../../../../../node_modules/@angular/common/fesm2022/common.mjs",
      "file": "@angular_common.js",
      "fileHash": "1cf362d1",
      "needsInterop": false
    },
    "@angular/core": {
      "src": "../../../../../node_modules/@angular/core/fesm2022/core.mjs",
      "file": "@angular_core.js",
      "fileHash": "8287393f",
      "needsInterop": false
    },
    "@angular/platform-browser": {
      "src": "../../../../../node_modules/@angular/platform-browser/fesm2022/platform-browser.mjs",
      "file": "@angular_platform-browser.js",
      "fileHash": "538645e6",
      "needsInterop": false
    },
    "@angular/router": {
      "src": "../../../../../node_modules/@angular/router/fesm2022/router.mjs",
      "file": "@angular_router.js",
      "fileHash": "28754084",
      "needsInterop": false
    },
    "@angular/forms": {
      "src": "../../../../../node_modules/@angular/forms/fesm2022/forms.mjs",
      "file": "@angular_forms.js",
      "fileHash": "d0f165c2",
      "needsInterop": false
    },
    "@angular/common/http": {
      "src": "../../../../../node_modules/@angular/common/fesm2022/http.mjs",
      "file": "@angular_common_http.js",
      "fileHash": "7591b818",
      "needsInterop": false
    }
  },
  "chunks": {
    "chunk-P5UL6QWC": {
      "file": "chunk-P5UL6QWC.js"
    },
    "chunk-Q7TVCNMS": {
      "file": "chunk-Q7TVCNMS.js"
    },
    "chunk-BDIIDG5I": {
      "file": "chunk-BDIIDG5I.js"
    },
    "chunk-S5GZLNJS": {
      "file": "chunk-S5GZLNJS.js"
    }
  }
}